{"Sample":{"0":"test sample"},"-b":{"0":-347},"Intercept":{"0":0.28},"R":{"0":-0.999},"Run #":{"0":"1"},"Lambda E (s)":{"0":0.0009606148},"Lambda E (ms)":{"0":0.9606147935},"R^2":{"0":0.998001}}